[{"model": "my_store_app.delivery", "pk": 1, "fields": {"min_free_delivery": 2000, "delivery_price": 200, "express_delivery_price": 500}},
  {"model": "my_store_app.sales", "pk": 4, "fields": {"product": 6, "shop": 6, "count": 2, "dateFrom": "2023-03-20", "dateTo": "2023-03-31"}},
  {"model": "my_store_app.sales", "pk": 5, "fields": {"product": 8, "shop": 6, "count": 5, "dateFrom": "2023-03-23", "dateTo": "2023-03-31"}},
  {"model": "my_store_app.categoryproduct", "pk": 1, "fields": {"title": "usb накопители", "image": "static/usb_storage_adapter_flash_icon_186843.png"}},
  {"model": "my_store_app.categoryproduct", "pk": 2, "fields": {"title": "мониторы", "image": "static/monitor_screen_computer_desktop_icon_186853.png"}},
  {"model": "my_store_app.categoryproduct", "pk": 3, "fields": {"title": "ноутбуки", "image": "static/laptop_computer_notebook_icon_186852.png"}},
  {"model": "my_store_app.categoryproduct", "pk": 4, "fields": {"title": "клавиатуры", "image": "static/keyboard_device_hardware_icon_186849.png"}},
  {"model": "my_store_app.categoryproduct", "pk": 5, "fields": {"title": "мобильные устройства", "image": "static/mobile_phone_smartphone_icon_186847.png"}},
  {"model": "my_store_app.categoryproduct", "pk": 6, "fields": {"title": "фото", "image": "static/camera_device_photo_image_icon_186841.png"}},
  {"model": "my_store_app.categoryproduct", "pk": 7, "fields": {"title": "стационарные компьютеры", "image": "static/computer_pc_device_hardware_icon_186848.png"}},
  {"model": "my_store_app.product", "pk": 1, "fields": {"category": 3, "shop": 1, "price": 50000, "discount": 20, "count": 20, "date": "2023-03-16", "title": "Huawei MateBook", "description": "HUAWEI MateBook D 15 — ноутбук для работы, учебы, запуска стандартных приложений и просмотра видеоконтента в высоком разрешении. Поддержка Bluetooth пятой версии и беспроводного интернета 6-го поколения дает возможность безопасно обмениваться данными с другими устройствами.", "limited_offer": true, "limited_offer_date": "2023-03-31T00:00:00Z", "limited_edition": true, "product_picture": "static/1892720_v01_b.webp", "rating": 0, "reviews": 6, "feedback": 1, "free_shipping": true, "tags": [1, 2, 3]}},
  {"model": "my_store_app.product", "pk": 2, "fields": {"category": 3, "shop": 2, "price": 80000, "discount": 10, "count": 23, "date": "2023-03-16", "title": "Ноутбук HIPER", "description": "Ноутбук HIPER G16, 16.1\", IPS, Intel Core i7 11700 2.5ГГц, 16ГБ, 1ТБ SSD, NVIDIA GeForce RTX 3070 для ноутбуков - 8192 Мб, Windows 11 Professional, черный [g16rtx3070b11700w11]", "limited_offer": true, "limited_offer_date": "2023-03-20T00:00:00Z", "limited_edition": true, "product_picture": "static/1842991_v01_b.webp", "rating": 0, "reviews": 8, "feedback": 0, "free_shipping": true, "tags": [1, 2, 3, 4]}},
  {"model": "my_store_app.product", "pk": 3, "fields": {"category": 3, "shop": 3, "price": 30000, "discount": 20, "count": 0, "date": "2023-03-16", "title": "Ноутбук MSI", "description": "Ноутбук MSI Modern 14 B5M-244XRU, 14\", IPS, AMD Ryzen 5 5500U 2.1ГГц, 16ГБ, 512ГБ SSD, AMD Radeon , без операционной системы, темно-серый [9s7-14dl24-244]", "limited_offer": false, "limited_offer_date": "2023-03-20T00:00:00Z", "limited_edition": false, "product_picture": "static/1800483_v01_b.webp", "rating": 0, "reviews": 12, "feedback": 1, "free_shipping": true, "tags": [1, 2, 3]}},
  {"model": "my_store_app.product", "pk": 4, "fields": {"category": 3, "shop": 5, "price": 20000, "discount": 10, "count": 34, "date": "2023-03-16", "title": "MSI Sword", "description": "Ноутбук MSI Sword 17 A11UD-809XRU, 17.3\", IPS, Intel Core i5 11400H 2.7ГГц, 16ГБ, 512ГБ SSD, NVIDIA GeForce RTX 3050 Ti для ноутбуков - 4096 Мб, Free DOS, белый [9s7-17l213-809]", "limited_offer": true, "limited_offer_date": "2023-03-20T00:00:00Z", "limited_edition": false, "product_picture": "static/1681285_v01_b.webp", "rating": 0, "reviews": 3, "feedback": 0, "free_shipping": true, "tags": [3, 4, 5]}},
  {"model": "my_store_app.product", "pk": 5, "fields": {"category": 5, "shop": 5, "price": 70000, "discount": 0, "count": 45, "date": "2023-03-16", "title": "Huawei Mate", "description": "Смартфон Huawei Mate 50 Pro выполен в корпусе, защищенном от попадания частиц пыли и влаги. Экран устойчив к повреждениям благодаря прочному стеклу Kunlun.", "limited_offer": true, "limited_offer_date": "2023-03-20T00:00:00Z", "limited_edition": true, "product_picture": "static/1892191_v01_b.webp", "rating": 0, "reviews": 1, "feedback": 0, "free_shipping": true, "tags": [5, 6]}},
  {"model": "my_store_app.product", "pk": 6, "fields": {"category": 5, "shop": 5, "price": 13000, "discount": 0, "count": 12, "date": "2023-03-16", "title": "Смартфон vivo", "description": "Смартфон VIVO Y35 выполнен в корпусе, устойчивом к царапинам и интенсивному использованию. Восьмиядерный процессор обеспечивает высокую производительность, плавную и быструю работу приложений.", "limited_offer": false, "limited_offer_date": "2023-03-20T00:00:00Z", "limited_edition": true, "product_picture": "static/1841078_v01_b.webp", "rating": 0, "reviews": 4, "feedback": 1, "free_shipping": true, "tags": [1, 2, 3, 4, 5, 6]}},
  {"model": "my_store_app.product", "pk": 7, "fields": {"category": 5, "shop": 7, "price": 23000, "discount": 0, "count": 23, "date": "2023-03-16", "title": "Samsung Galaxy", "description": "Смартфон Samsung Galaxy S21 FE оснащен 6,4-дюймовым Dynamic AMOLED-дисплеем с разрешением 2340×1080 пикселей и частотой обновления 120 Гц. Ударопрочное закаленное стекло Gorilla Glass Victus защищает от царапин и других механических повреждений. Автоматическая регулировка яркости позволяет комфортно работать с устройством под прямыми солнечными лучами и при плохом освещении.", "limited_offer": true, "limited_offer_date": "2023-03-20T00:00:00Z", "limited_edition": false, "product_picture": "static/1794238_v01_b.webp", "rating": 0, "reviews": 0, "feedback": 0, "free_shipping": true, "tags": [4, 5, 6]}},
  {"model": "my_store_app.product", "pk": 8, "fields": {"category": 5, "shop": 7, "price": 34000, "discount": 0, "count": 0, "date": "2023-03-16", "title": "Xiaomi Poco", "description": "Смартфон Xiaomi Poco C40 имеет 6,71-дюймовый дисплей Dot Drop с визуальным 2,5D-эффектом и максимальным разрешением 1650×720 пикселей. Экран обладает широкими углами обзора и надежно защищен от царапин ударопрочным стеклом Corning Gorilla Glass.", "limited_offer": false, "limited_offer_date": "2023-03-20T00:00:00Z", "limited_edition": false, "product_picture": "static/1823504_v01_b.webp", "rating": 0, "reviews": 1, "feedback": 0, "free_shipping": true, "tags": [5, 6]}},
  {"model": "my_store_app.product", "pk": 9, "fields": {"category": 4, "shop": 4, "price": 2500, "discount": 0, "count": 45, "date": "2023-03-17", "title": "Клавиатура Oklick", "description": "Клавиатура OKLICK 717G BLACK DEATH создана для геймеров. Долговечное и прочное устройство оснащено корпусом, изготовленным из качественных материалов, удобные клавиши выдержат несколько миллионов нажатий.", "limited_offer": true, "limited_offer_date": "2023-03-20T00:00:00Z", "limited_edition": true, "product_picture": "static/476395_v01_b.webp", "rating": 0, "reviews": 0, "feedback": 0, "free_shipping": true, "tags": [7]}},
  {"model": "my_store_app.product", "pk": 10, "fields": {"category": 4, "shop": 8, "price": 1500, "discount": 0, "count": 123, "date": "2023-03-17", "title": "A4TECH Bloody", "description": "Клавиатура A4TECH Bloody B865R, USB, серый + черный", "limited_offer": true, "limited_offer_date": "2023-03-20T00:00:00Z", "limited_edition": true, "product_picture": "static/1731961_v01_b.webp", "rating": 0, "reviews": 1, "feedback": 0, "free_shipping": true, "tags": [4, 5, 6, 7]}}, {"model": "my_store_app.product", "pk": 11, "fields": {"category": 4, "shop": 10, "price": 3500, "discount": 10, "count": 89, "date": "2023-03-17", "title": "Клавиатура GMNG", "description": "Клавиатура GMNG 945GK BW, USB, черный", "limited_offer": true, "limited_offer_date": "2023-03-20T00:00:00Z", "limited_edition": true, "product_picture": "static/1529972_v01_b_DX9gKXx.webp", "rating": 0, "reviews": 0, "feedback": 0, "free_shipping": true, "tags": [1, 2, 3, 4, 5, 6, 7]}},
  {"model": "my_store_app.product", "pk": 12, "fields": {"category": 4, "shop": 6, "price": 500, "discount": 0, "count": 34, "date": "2023-03-17", "title": "Oklick 505M,", "description": "Аккуратная клавиатура OKLICK 505M - это настоящая находка для тех, кто буквально во всем ценит чистоту и порядок. Поскольку модель отличается нежным белым цветом, то на ней очень хорошо будет заметна пыль и в принципе любая грязь. Интерфейс сделан так, чтобы все было интуитивно понятно. Изделие классической формы прекрасно подойдет для постоянной работы, как в домашних условиях, так и в офисе.", "limited_offer": false, "limited_offer_date": "2023-03-20T00:00:00Z", "limited_edition": false, "product_picture": "static/1196547_v13_b.webp", "rating": 0, "reviews": 0, "feedback": 0, "free_shipping": true, "tags": [5, 6, 7]}},
  {"model": "my_store_app.product", "pk": 13, "fields": {"category": 2, "shop": 5, "price": 45000, "discount": 0, "count": 34, "date": "2023-03-17", "title": "Huawei MateView", "description": "Монитор игровой Huawei MateView GT ZQE-CBA 34\" черный", "limited_offer": true, "limited_offer_date": "2023-03-20T00:00:00Z", "limited_edition": true, "product_picture": "static/1640579_v01_b.webp", "rating": 0, "reviews": 0, "feedback": 0, "free_shipping": false, "tags": [8]}}, {"model": "my_store_app.product", "pk": 14, "fields": {"category": 2, "shop": 5, "price": 12000, "discount": 10, "count": 5, "date": "2023-03-17", "title": "SunWind SUN", "description": "SunWind SUN-M24BA102 – это эргономичный современный монитор, который подойдет для решения разнообразного круга задач.", "limited_offer": false, "limited_offer_date": "2023-03-20T00:00:00Z", "limited_edition": false, "product_picture": "static/1769875_v01_b.webp", "rating": 0, "reviews": 0, "feedback": 0, "free_shipping": true, "tags": [4, 5, 8]}},
  {"model": "my_store_app.product", "pk": 15, "fields": {"category": 2, "shop": 8, "price": 23000, "discount": 0, "count": 45, "date": "2023-03-17", "title": "SunWind SUN-M24BG120", "description": "Монитор игровой SunWind SUN-M24BG120 23.8\"", "limited_offer": false, "limited_offer_date": "2023-03-20T00:00:00Z", "limited_edition": true, "product_picture": "static/1772340_v01_b.webp", "rating": 0, "reviews": 0, "feedback": 0, "free_shipping": false, "tags": [4, 8]}}, {"model": "my_store_app.product", "pk": 16, "fields": {"category": 2, "shop": 8, "price": 28000, "discount": 0, "count": 30, "date": "2023-03-17", "title": "SunWind SUN-M24BA103", "description": "Монитор SunWind SUN-M24BA103 23.8\", черный", "limited_offer": false, "limited_offer_date": "2023-03-20T00:00:00Z", "limited_edition": true, "product_picture": "static/1824689_v01_b.webp", "rating": 0, "reviews": 0, "feedback": 0, "free_shipping": false, "tags": [1, 3, 4, 8]}},
  {"model": "my_store_app.files", "pk": 1, "fields": {"product": 1, "file": "static/1892720_v03_b.webp"}},
  {"model": "my_store_app.files", "pk": 2, "fields": {"product": 1, "file": "static/1892720_v05_b.webp"}},
  {"model": "my_store_app.files", "pk": 3, "fields": {"product": 1, "file": "static/1892720_v07_b.webp"}},
  {"model": "my_store_app.files", "pk": 4, "fields": {"product": 2, "file": "static/1842991_v03_b.webp"}},
  {"model": "my_store_app.files", "pk": 5, "fields": {"product": 2, "file": "static/1842991_v07_b.webp"}},
  {"model": "my_store_app.files", "pk": 6, "fields": {"product": 2, "file": "static/1842991_v23_b.webp"}},
  {"model": "my_store_app.files", "pk": 7, "fields": {"product": 3, "file": "static/1800483_v03_b.webp"}},
  {"model": "my_store_app.files", "pk": 8, "fields": {"product": 3, "file": "static/1800483_v07_b.webp"}},
  {"model": "my_store_app.files", "pk": 9, "fields": {"product": 3, "file": "static/1800483_v11_b.webp"}},
  {"model": "my_store_app.files", "pk": 10, "fields": {"product": 4, "file": "static/1681285_v03_b.webp"}},
  {"model": "my_store_app.files", "pk": 11, "fields": {"product": 4, "file": "static/1681285_v06_b.webp"}},
  {"model": "my_store_app.files", "pk": 12, "fields": {"product": 4, "file": "static/1681285_v10_b.webp"}},
  {"model": "my_store_app.files", "pk": 13, "fields": {"product": 5, "file": "static/1892191_v06_b.webp"}},
  {"model": "my_store_app.files", "pk": 14, "fields": {"product": 5, "file": "static/1892191_v08_b.webp"}},
  {"model": "my_store_app.files", "pk": 15, "fields": {"product": 5, "file": "static/1892191_v13_b.webp"}},
  {"model": "my_store_app.files", "pk": 16, "fields": {"product": 6, "file": "static/1841078_v02_b.webp"}},
  {"model": "my_store_app.files", "pk": 17, "fields": {"product": 6, "file": "static/1841078_v03_b.webp"}},
  {"model": "my_store_app.files", "pk": 18, "fields": {"product": 6, "file": "static/1841078_v13_b.webp"}},
  {"model": "my_store_app.files", "pk": 19, "fields": {"product": 7, "file": "static/1794238_v02_b.webp"}},
  {"model": "my_store_app.files", "pk": 20, "fields": {"product": 7, "file": "static/1794238_v07_b.webp"}},
  {"model": "my_store_app.files", "pk": 21, "fields": {"product": 7, "file": "static/1794238_v12_b.webp"}},
  {"model": "my_store_app.files", "pk": 22, "fields": {"product": 8, "file": "static/1823504_v03_b.webp"}},
  {"model": "my_store_app.files", "pk": 23, "fields": {"product": 8, "file": "static/1823504_v07_b.webp"}},
  {"model": "my_store_app.files", "pk": 24, "fields": {"product": 8, "file": "static/1823504_v10_b.webp"}},
  {"model": "my_store_app.files", "pk": 25, "fields": {"product": 9, "file": "static/476395_d02_b.webp"}},
  {"model": "my_store_app.files", "pk": 26, "fields": {"product": 9, "file": "static/476395_v03_b.webp"}},
  {"model": "my_store_app.files", "pk": 27, "fields": {"product": 9, "file": "static/476395_v06_b.webp"}},
  {"model": "my_store_app.files", "pk": 28, "fields": {"product": 10, "file": "static/1731961_v02_b.webp"}},
  {"model": "my_store_app.files", "pk": 29, "fields": {"product": 10, "file": "static/1731961_v04_b.webp"}},
  {"model": "my_store_app.files", "pk": 30, "fields": {"product": 10, "file": "static/1731961_v05_b.webp"}},
  {"model": "my_store_app.files", "pk": 31, "fields": {"product": 11, "file": "static/1529972_v08_b_ZxKULTb.webp"}},
  {"model": "my_store_app.files", "pk": 32, "fields": {"product": 11, "file": "static/1529972_v10_b_U358AUo.webp"}},
  {"model": "my_store_app.files", "pk": 33, "fields": {"product": 11, "file": "static/1529972_v14_b_fKPxM4Z.webp"}},
  {"model": "my_store_app.files", "pk": 34, "fields": {"product": 12, "file": "static/1196547_v19_b.webp"}},
  {"model": "my_store_app.files", "pk": 35, "fields": {"product": 12, "file": "static/1196547_v21_b.webp"}},
  {"model": "my_store_app.files", "pk": 36, "fields": {"product": 12, "file": "static/1196547_v22_b.webp"}},
  {"model": "my_store_app.files", "pk": 37, "fields": {"product": 13, "file": "static/1640579_v02_b.webp"}},
  {"model": "my_store_app.files", "pk": 38, "fields": {"product": 13, "file": "static/1640579_v06_b.webp"}},
  {"model": "my_store_app.files", "pk": 39, "fields": {"product": 13, "file": "static/1640579_v08_b.webp"}},
  {"model": "my_store_app.files", "pk": 40, "fields": {"product": 14, "file": "static/1769875_v02_b.webp"}},
  {"model": "my_store_app.files", "pk": 41, "fields": {"product": 14, "file": "static/1769875_v04_b.webp"}},
  {"model": "my_store_app.files", "pk": 42, "fields": {"product": 14, "file": "static/1769875_v05_b.webp"}},
  {"model": "my_store_app.files", "pk": 43, "fields": {"product": 15, "file": "static/1772340_v04_b.webp"}},
  {"model": "my_store_app.files", "pk": 44, "fields": {"product": 15, "file": "static/1772340_v07_b.webp"}},
  {"model": "my_store_app.files", "pk": 45, "fields": {"product": 15, "file": "static/1772340_v10_b.webp"}},
  {"model": "my_store_app.files", "pk": 46, "fields": {"product": 16, "file": "static/1824689_v02_b.webp"}},
  {"model": "my_store_app.files", "pk": 47, "fields": {"product": 16, "file": "static/1824689_v05_b.webp"}},
  {"model": "my_store_app.files", "pk": 48, "fields": {"product": 16, "file": "static/1824689_v09_b.webp"}},
  {"model": "my_store_app.tagsfile", "pk": 1, "fields": {"tags_name": "новый"}},
  {"model": "my_store_app.tagsfile", "pk": 2, "fields": {"tags_name": "товар"}},
  {"model": "my_store_app.tagsfile", "pk": 3, "fields": {"tags_name": "лучшеепредложение"}},
  {"model": "my_store_app.tagsfile", "pk": 4, "fields": {"tags_name": "игровой"}},
  {"model": "my_store_app.tagsfile", "pk": 5, "fields": {"tags_name": "тонкий"}},
  {"model": "my_store_app.tagsfile", "pk": 6, "fields": {"tags_name": "смартфон"}},
  {"model": "my_store_app.tagsfile", "pk": 7, "fields": {"tags_name": "клавиатура"}},
  {"model": "my_store_app.tagsfile", "pk": 8, "fields": {"tags_name": "монитор"}},
  {"model": "my_store_app.shop", "pk": 1, "fields": {"shop_name": "one shop"}},
  {"model": "my_store_app.shop", "pk": 2, "fields": {"shop_name": "two shop"}},
  {"model": "my_store_app.shop", "pk": 3, "fields": {"shop_name": "three shop"}},
  {"model": "my_store_app.shop", "pk": 4, "fields": {"shop_name": "four shop"}},
  {"model": "my_store_app.shop", "pk": 5, "fields": {"shop_name": "five shop"}},
  {"model": "my_store_app.shop", "pk": 6, "fields": {"shop_name": "six shop"}},
  {"model": "my_store_app.shop", "pk": 7, "fields": {"shop_name": "seven shop"}},
  {"model": "my_store_app.shop", "pk": 8, "fields": {"shop_name": "eight shop"}},
  {"model": "my_store_app.shop", "pk": 9, "fields": {"shop_name": "nine shop"}},
  {"model": "my_store_app.shop", "pk": 10, "fields": {"shop_name": "ten shop"}},
  {"model": "my_store_app.specifications", "pk": 1, "fields": {"specifications": 1, "name": "Экран:", "value": "15.6 \"; 1920х1080; IPS;"}},
  {"model": "my_store_app.specifications", "pk": 2, "fields": {"specifications": 1, "name": "Процессор:", "value": "Intel Core i5 1135G7 2.4 ГГц (4.2 ГГц, )"}},
  {"model": "my_store_app.specifications", "pk": 3, "fields": {"specifications": 1, "name": "Графический процессор:", "value": "Intel Iris Xe graphics ;"}},
  {"model": "my_store_app.specifications", "pk": 4, "fields": {"specifications": 1, "name": "Оперативная память:", "value": "16 ГБ, DDR4;"}},
  {"model": "my_store_app.specifications", "pk": 5, "fields": {"specifications": 1, "name": "Операционная система:", "value": "Windows 11 Home;"}},
  {"model": "my_store_app.specifications", "pk": 6, "fields": {"specifications": 2, "name": "Экран:", "value": "16.1 \"; 1920х1080; IPS;"}},
  {"model": "my_store_app.specifications", "pk": 7, "fields": {"specifications": 2, "name": "Процессор:", "value": "Intel Core i7 11700 2.5 ГГц (4.9 ГГц, )"}},
  {"model": "my_store_app.specifications", "pk": 8, "fields": {"specifications": 2, "name": "Графический процессор:", "value": "NVIDIA GeForce RTX 3070"}},
  {"model": "my_store_app.specifications", "pk": 9, "fields": {"specifications": 2, "name": "Оперативная память:", "value": "16 ГБ, DDR4, 3200 МГц;"}},
  {"model": "my_store_app.specifications", "pk": 10, "fields": {"specifications": 3, "name": "Экран:", "value": "14 \"; 1920х1080; IPS;"}},
  {"model": "my_store_app.specifications", "pk": 11, "fields": {"specifications": 3, "name": "Процессор:", "value": "AMD Ryzen 5 5500U 2.1 ГГц"}},
  {"model": "my_store_app.specifications", "pk": 12, "fields": {"specifications": 3, "name": "Оперативная память:", "value": "16 ГБ, DDR4;"}},
  {"model": "my_store_app.specifications", "pk": 13, "fields": {"specifications": 3, "name": "Диск:", "value": "SSD 512 ГБ;"}},
  {"model": "my_store_app.specifications", "pk": 14, "fields": {"specifications": 4, "name": "Экран:", "value": "17.3 \"; 1920х1080; IPS;"}},
  {"model": "my_store_app.specifications", "pk": 15, "fields": {"specifications": 4, "name": "Процессор:", "value": "Intel Core i5 11400H 2.7 ГГц"}},
  {"model": "my_store_app.specifications", "pk": 16, "fields": {"specifications": 4, "name": "Графический процессор:", "value": "NVIDIA GeForce RTX 3050"}},
  {"model": "my_store_app.specifications", "pk": 17, "fields": {"specifications": 5, "name": "Процессор:", "value": "Qualcomm Snapdragon 8 Plus Gen 1;"}},
  {"model": "my_store_app.specifications", "pk": 18, "fields": {"specifications": 5, "name": "Память:", "value": "оперативная 8 ГБ,"}},
  {"model": "my_store_app.specifications", "pk": 19, "fields": {"specifications": 5, "name": "Аккумулятор:", "value": "4700 мAч;"}},
  {"model": "my_store_app.specifications", "pk": 20, "fields": {"specifications": 6, "name": "Процессор:", "value": "Qualcomm Snapdragon 680;"}},
  {"model": "my_store_app.specifications", "pk": 21, "fields": {"specifications": 6, "name": "Память:", "value": "оперативная 4 ГБ,"}},
  {"model": "my_store_app.specifications", "pk": 22, "fields": {"specifications": 6, "name": "Аккумулятор:", "value": "5000 мAч;"}},
  {"model": "my_store_app.specifications", "pk": 23, "fields": {"specifications": 7, "name": "Процессор:", "value": "Samsung Exynos 2100;"}},
  {"model": "my_store_app.specifications", "pk": 24, "fields": {"specifications": 7, "name": "Память:", "value": "оперативная 8 ГБ,"}},
  {"model": "my_store_app.specifications", "pk": 25, "fields": {"specifications": 7, "name": "Аккумулятор:", "value": "4500 мAч;"}},
  {"model": "my_store_app.specifications", "pk": 26, "fields": {"specifications": 8, "name": "Процессор:", "value": "JLQ JR510;"}},
  {"model": "my_store_app.specifications", "pk": 27, "fields": {"specifications": 8, "name": "Память:", "value": "оперативная 4 ГБ,"}},
  {"model": "my_store_app.specifications", "pk": 28, "fields": {"specifications": 8, "name": "Аккумулятор:", "value": "6000 мAч;"}},
  {"model": "my_store_app.specifications", "pk": 29, "fields": {"specifications": 9, "name": "Тип соединения:", "value": "проводная;"}},
  {"model": "my_store_app.specifications", "pk": 30, "fields": {"specifications": 9, "name": "Интерфейс:", "value": "USB;"}},
  {"model": "my_store_app.specifications", "pk": 31, "fields": {"specifications": 9, "name": "Цвет русских букв:", "value": "белый;"}},
  {"model": "my_store_app.specifications", "pk": 32, "fields": {"specifications": 10, "name": "Тип соединения:", "value": "проводная;"}},
  {"model": "my_store_app.specifications", "pk": 33, "fields": {"specifications": 10, "name": "Интерфейс:", "value": "USB;"}},
  {"model": "my_store_app.specifications", "pk": 34, "fields": {"specifications": 10, "name": "Цвет русских букв:", "value": "прозрачный;"}},
  {"model": "my_store_app.specifications", "pk": 35, "fields": {"specifications": 11, "name": "Тип соединения:", "value": "проводная;"}},
  {"model": "my_store_app.specifications", "pk": 36, "fields": {"specifications": 11, "name": "Интерфейс:", "value": "USB;"}},
  {"model": "my_store_app.specifications", "pk": 37, "fields": {"specifications": 11, "name": "Встроено:", "value": "подсветка клавиш,"}},
  {"model": "my_store_app.specifications", "pk": 38, "fields": {"specifications": 12, "name": "Тип соединения:", "value": "проводная;"}},
  {"model": "my_store_app.specifications", "pk": 39, "fields": {"specifications": 12, "name": "Интерфейс:", "value": "USB;"}},
  {"model": "my_store_app.specifications", "pk": 40, "fields": {"specifications": 12, "name": "Цвет русских букв:", "value": "красный;"}},
  {"model": "my_store_app.specifications", "pk": 41, "fields": {"specifications": 13, "name": "Экран:", "value": "изогнутый,"}},
  {"model": "my_store_app.specifications", "pk": 42, "fields": {"specifications": 13, "name": "Контрастность:", "value": "4000:1,"}},
  {"model": "my_store_app.specifications", "pk": 43, "fields": {"specifications": 13, "name": "Разъемы:", "value": "HDMI х 2,"}},
  {"model": "my_store_app.specifications", "pk": 44, "fields": {"specifications": 14, "name": "Экран:", "value": "23.8 \", 1920x1080, 16:9, VA, 75 Гц, 250 кд/"}},
  {"model": "my_store_app.specifications", "pk": 45, "fields": {"specifications": 14, "name": "Контрастность:", "value": "статическая 5000:1,"}},
  {"model": "my_store_app.specifications", "pk": 46, "fields": {"specifications": 14, "name": "Разъемы", "value": ": HDMI х 1,"}},
  {"model": "my_store_app.specifications", "pk": 47, "fields": {"specifications": 15, "name": "Экран:", "value": "23.8 \", 1920x1080, 16:9, IPS, 144 Гц, 280 к"}},
  {"model": "my_store_app.specifications", "pk": 48, "fields": {"specifications": 15, "name": "Контрастность: статическая", "value": "1000:1,"}},
  {"model": "my_store_app.specifications", "pk": 49, "fields": {"specifications": 15, "name": "Разъемы:", "value": "Display Port х 1 шт,"}},
  {"model": "my_store_app.specifications", "pk": 50, "fields": {"specifications": 16, "name": "Экран:", "value": "23.8 \", 1920x1080, 16:9, IPS, 75 Гц, 250 кд"}},
  {"model": "my_store_app.specifications", "pk": 51, "fields": {"specifications": 16, "name": "Контрастность:", "value": "статическая 1000:1,"}},
  {"model": "my_store_app.specifications", "pk": 52, "fields": {"specifications": 16, "name": "Разъемы:", "value": "Display Port х 1 шт,"}}]